row_id,layman_description,medical_specialty,sample_name,keywords,original_description
3687,I feel off-balance and unsteady sometimes. It's hard to stay stable.,ENT - Otolaryngology,Vertigo Consult - 1,"ent - otolaryngology, tinnitus, deafness, imbalance, nystagmus, hypofunction, electronystagmography, vertigo, vestibular,",The patient is having recurrent attacks of imbalance rather than true vertigo following the history of head trauma and loss of consciousness.  Symptoms are not accompanied by tinnitus or deafness.
3690,"My throat hurts, and I feel really tired. Swallowing is painful.",ENT - Otolaryngology,Uvulopalatopharyngoplasty & Tonsillectomy,"ent - otolaryngology, endotracheal, metzenbaum, soft palate, obstructive sleep apnea, tonsillectomy, uvulopalatopharyngoplasty, obstructive, mucosa, uvula, palate,","Uvulopalatopharyngoplasty and tonsillectomy.   The patient with a history of obstructive sleep apnea who has been using CPAP, however, he was not tolerating used of the machine and requested a surgical procedure for correction of his apnea."
3691,"My ears feel full, and I can't hear very well.",ENT - Otolaryngology,Tympanostomy & Myringotomy Tube Placement,"ent - otolaryngology, chronic otitis media with effusion, conductive hearing loss, bilateral tympanostomy, myringotomy tube placement, cortisporin otic drops, otitis media, tympanostomy, tympanic, membrane, otitis, media, effusion, conductive, hearing, ear, tube, myringotomy",Bilateral tympanostomy with myringotomy tube placement.    The patient is a 1-year-old male with a history of chronic otitis media with effusion and conductive hearing loss refractory to outpatient medical therapy.
3692,I feel dizzy and unsteady on my feet.,ENT - Otolaryngology,Vertigo Consult,"ent - otolaryngology, electronystagmography, hearing impairment, imbalance, tinnitus, hypofunction, nystagmus, vestibular, vertigo,",The patient's main complaint is vertigo. The patient is having recurrent attacks of vertigo and imbalance over the last few years with periods of free symptoms and no concurrent tinnitus or hearing impairment.
3693,My throat feels sore and it's hard to hear clearly.,ENT - Otolaryngology,Tympanostomy,"ent - otolaryngology, robinson catheters, palate, tongue, tympanostomy, adenoidectomy, chronic otitis media, oral cavity, adenotonsillar hypertrophy, tube placement, hypertrophy, nasopharynx, adenotonsillar,",Adenotonsillar hypertrophy and chronic otitis media.  Tympanostomy and tube placement and adenoidectomy.
3694,"I have a stuffy nose and pain in my left ear. My sinuses feel pressured, and I have a dry cough.",ENT - Otolaryngology,URI & Eustachian Congestion,"ent - otolaryngology, upper respiratory infection, eustachian congestion, erythema, uri, nasal, cough, eustachian, respiratory, sinus, congestion, infection, tonsillar",Viral upper respiratory infection (URI) with sinus and eustachian congestion.  Patient is a 14-year-old white female who presents with her mother complaining of a four-day history of cold symptoms consisting of nasal congestion and left ear pain.
3695,"I'm having trouble breathing through my nose and feel very congested. My throat feels sore, and I wake up tired.",ENT - Otolaryngology,Tonsillectomy and Septoplasty,"ent - otolaryngology, obstructive sleep apnea syndrome, afrin drops, bayonet cautery, cpap, cottle elevator, crowe-davis, freer elevator, obstructive sleep apnea, tonsillectomy, hypertrophy, mouth gag, nasal, nasal passage, nasal septum, nasopharynx, nostrils, palate, pharynx, septal cartilage, septoplasty, sleep apnea, soft palate, tonsils, uvula, uvulopalatopharyngoplasty, hypertrophy of tonsils, anterior tonsillar pillars, soft palate incision, palate incision, tonsillar pillars, incision","Tonsillectomy, uvulopalatopharyngoplasty, and septoplasty for obstructive sleep apnea syndrome with hypertrophy of tonsils and of uvula and soft palate with deviation of nasal septum"
3696,I'm feeling really tired and weak. My throat feels sore and dry. It’s hard to breathe on my own.,ENT - Otolaryngology,Tracheostomy & Thyroid Isthmusectomy,"ent - otolaryngology, ventilator-dependent respiratory failure, multiple strokes, thyroid, thyroid isthmusectomy, ventilator dependent, respiratory failure, strap muscles, thyroid gland, endotracheal tube, cricoid cartilage, bovie cautery, tracheostomy, ventilator, strokes, cartilage, tracheal, isthmusectomy",Tracheostomy and thyroid isthmusectomy.  Ventilator-dependent respiratory failure and multiple strokes.
3697,My throat feels sore and it's hard to swallow. I'm also having trouble sleeping.,ENT - Otolaryngology,Tonsillectomy & Adenoidectomy - 3,"ent - otolaryngology, obstructive adenotonsillar hypertrophy, pharyngitis, tonsillectomy, adenoidectomy, uvula, obstructive, adenotonsillar, hypertrophy, hypertrophic, fossa, tonsils, oropharynx, electrocautery, pads",Tonsillectomy and adenoidectomy.  Obstructive adenotonsillar hypertrophy with chronic recurrent pharyngitis.
3698,My ear feels sore and a bit swollen. I also feel some discomfort and pressure around my ear.,ENT - Otolaryngology,Tympanomastoidectomy,"ent - otolaryngology, cholesteatoma, gelfoam, glasscock dressing, microdissection, nim, canal, canal wall, cerumen, facial nerve, incus, myringosclerosis, ossicular chain reconstruction, titanium-porp, tympanomastoidectomy, tympanosclerosis, facial nerve monitoring, ear canal, cartilage, ear,","Left canal wall down tympanomastoidectomy with ossicular chain reconstruction, microdissection, NIM facial nerve monitoring for three hours."
3699,I feel some pain in my throat and it's hard to swallow. My voice sounds different and I feel really tired.,ENT - Otolaryngology,Tonsillectomy & Adenoidectomy - 5,"ent - otolaryngology, chronic adenotonsillitis, tonsillectomy, adenoidectomy, adenoid, tonsils, tonsillar fossa, tonsillar fossae, suction cautery, adenotonsillitis, oropharynx, hemostasis, cautery, suction, tonsillar",Tonsillectomy and adenoidectomy.  Chronic adenotonsillitis.  The patient is a 9-year-old Caucasian male with history of recurrent episodes of adenotonsillitis that has been refractory to outpatient antibiotic therapy.
3700,My throat hurts and feels swollen. I'm having trouble swallowing.,ENT - Otolaryngology,Tonsillectomy - 1,"ent - otolaryngology, crowe-davis, mouth gag, chronic tonsillitis, tonsillitis, anesthesia, tonsillectomy",Tonsillectomy.  Chronic tonsillitis.
3701,My throat hurts and I feel really tired. My nose bleeds sometimes.,ENT - Otolaryngology,Tonsillectomy & Adenoidectomy - 4,"ent - otolaryngology, tonsillitis, cryptic hypertrophic tonsils, tonsillolith, nasal cauterization, adenoid hypertrophy, hypertrophic tonsils, adenoidectomy, nasal, cauterization, hypertrophy, epistaxis, tonsils, hypertrophic, intubation, tonsillectomy",Tonsillectomy and adenoidectomy and Left superficial nasal cauterization.  Recurrent tonsillitis.  Deeply cryptic hypertrophic tonsils with numerous tonsillolith.  Residual adenoid hypertrophy and recurrent epistaxis.
3702,My throat feels really sore and swollen. It's hard to swallow.,ENT - Otolaryngology,Tonsillectomy & Adenoidectomy - 2,"ent - otolaryngology, tonsil, gold laser, adenoids, chronic tonsillitis, adenoid hypertrophy, tonsillectomy, adenoidectomy, endotracheal, tonsillitis, symptomatic, hypertrophy",Tonsillectomy & adenoidectomy.  Chronic tonsillitis with symptomatic tonsil and adenoid hypertrophy.
3703,My throat is really sore and it hurts to swallow. My mouth feels dry and my voice sounds different.,ENT - Otolaryngology,Tonsillectomy & Adenoidectomy - 1,"ent - otolaryngology, tongue, nasal passage, palate, mcivor mouth gag, gauze roll, nasopharynx, tonsillectomy, adenoidectomy,","Tonsillectomy and adenoidectomy.  McIvor mouth gag was placed in the oral cavity, and a tongue depressor applied."
3704,"My throat feels sore, and it's hard to swallow. My neck feels a bit stiff.",ENT - Otolaryngology,Tonsillectomy,"ent - otolaryngology, tongue, palate, mcivor mouth gag, anterior tonsillar, metzenbaum scissors, oral cavity, tonsillar pillar, tonsillectomy, metzenbaum, tonsillitis, pillar, tonsillar, fossa",Tonsillectomy.   Tonsillitis.  McIvor mouth gag was placed in the oral cavity and a tongue depressor applied.
3705,My throat hurts and my ear feels weird. I feel really tired.,ENT - Otolaryngology,Tonsillectomy & Adenoidectomy,"ent - otolaryngology, tonsillectomy, afrin drops, crowe-davis, hypertrophy, adenoid bed, adenoidectomy, adenoids, canal, catgut, dissection, drum, ear, foreign body, middle ear, mouth gag, nasopharynx, orotracheal, suction electrocautery, throat, tonsils, uvula, wax, tonsils and adenoids","Tonsillectomy, adenoidectomy, and removal of foreign body (rock) from right ear."
3706,"My left ear feels painful and full, and my right ear is a little sore.",ENT - Otolaryngology,Status Post Tympanoplasty,"ent - otolaryngology, tympanoplasty surgery, traumatic perforation, external meatus, wax, external, perforation, eardrum, meatus, tympanoplasty, earNOTE,: Thesetranscribed medical transcription sample reports and examples are provided by various users andare for reference purpose only. MTHelpLine does not certify accuracy and quality of sample reports.These transcribed medical transcription sample reports may include some uncommon or unusual formats;this would be due to the preference of the dictating physician. All names and dates have beenchanged (or removed) to keep confidentiality. Any resemblance of any type of name or date orplace or anything else to real world is purely incidental.",The patient had tympanoplasty surgery for a traumatic perforation of the right ear about six weeks ago.
3707,I can't hear well and my right ear feels a bit weird.,ENT - Otolaryngology,Stapedectomy - Argon Lasor Assisted,"ent - otolaryngology, bilateral progressive conductive hearing loss, argon laser assisted, conductive hearing losses, intubation, argon, stapedectomy, otosclerosis, canal, earlobe, prosthesis, pledgets, laser",Right argon laser assisted stapedectomy.  Bilateral conductive hearing losses with right stapedial fixation secondary to otosclerosis.
3708,I feel short of breath and have some chest pain. My chest feels tight and heavy.,ENT - Otolaryngology,Thoracoscopy/Thoracotomy,"ent - otolaryngology, empyema, biopsies, bronchus, declaudication, endothoracic, hydropneumothorax, left lower lobe, left lung, left upper lobe, mainstem, pleura, thoracoscopy, thoracotomy, thoracotomy with declaudication, declaudication and drainage, double lumen tube, sixth intercostal space, lung abscesses, pleural cavity, intercostal space, upper lobe, double lumen, chest tube, cavity, tube, chest, lung, pulmonary, pleural, intercostal,","Left thoracoscopy and left thoracotomy with declaudication and drainage of lung abscesses, and multiple biopsies of pleura and lung."
3710,I feel congested and have a stuffy nose. My right upper eyelid is a bit sore.,ENT - Otolaryngology,Sinus Surgery - Endoscopic,"ent - otolaryngology, nasopharyngeal tube mass, lymphoid tissue, torus tubarius, sinus surgery, nasal passages, nasopharyngeal mass, skin lesion, lesion, nasopharynx, endoscopic, nasopharyngeal,","Functional endoscopic sinus surgery, excision of nasopharyngeal mass via endoscopic technique, and excision of right upper lid skin lesion 1 cm in diameter with adjacent tissue transfer closure."
3711,"I feel a lot of congestion, headaches, and facial pain. My throat is sore, and I'm coughing. My teeth hurt, and my nose burns.",ENT - Otolaryngology,Sinus problems - Consult,,"Patient with postnasal drainage, sore throat, facial pain, coughing, headaches, congestion, snoring, nasal burning and teeth pain."
3712,My ears feel full and blocked. It's hard to hear clearly. Sometimes there’s a bit of pain.,ENT - Otolaryngology,SOM - Serous Otitis Media,"ent - otolaryngology, tube, bmt, pet, pressure equalizing tubes, serous otitis media, eustachian tube, ear infections, otitis media, middle ear, hearing loss, ear, children, fluid, drain, eustachian, otitis, media, eardrum, infections, middle, loss, hearingNOTE,: Thesetranscribed medical transcription sample reports and examples are provided by various users andare for reference purpose only. MTHelpLine does not certify accuracy and quality of sample reports.These transcribed medical transcription sample reports may include some uncommon or unusual formats;this would be due to the preference of the dictating physician. All names and dates have beenchanged (or removed) to keep confidentiality. Any resemblance of any type of name or date orplace or anything else to real world is purely incidental.,",A sample note on serous otitis media
3713,I'm having trouble breathing through my nose and feel a lot of nasal congestion.,ENT - Otolaryngology,Septoplasty,"ent - otolaryngology, nasal septal deviation, nasal septal, auricular cartilage, nasal, nasal obstruction, nasal valve, septoplasty, submucoperichondrial, upper airway, internal nasal valve, external nasal valve, hemitransfixion incision, revision septoplasty, septal spur, valve collapse, auricular, cartilage, collapse, septum, valve,","Revision septoplasty, repair of internal nasal valve collapse using auricular cartilage, repair of bilateral external nasal valve collapse using auricular cartilage, harvest of right auricular cartilage."
3714,I'm feeling a lot of congestion and pressure in my nose. Breathing is a bit difficult.,ENT - Otolaryngology,Septoplasty & Turbinectomy,"ent - otolaryngology, sinusitis, ktp laser, septoplasty, deviated, endoscopy, ethmoidectomy, hypertrophied, maxillary, nasal obstruction, nasal septum, sinus, turbinates, turbinectomy, partial ethmoidectomy, parker knife, sinus ostium, nasal cavity, maxillary sinus, ktp, mucosa, cavity, forceps, antrostomies, ostium, nasal","Septoplasty with partial inferior middle turbinectomy with KTP laser, sinus endoscopy with maxillary antrostomies, removal of tissue, with septoplasty and partial ethmoidectomy bilaterally."
3715,"My throat feels sore and swollen, and it's hard to breathe. My voice is hoarse, and I feel really tired.",ENT - Otolaryngology,Progress Note - Supraglottitis,"ent - otolaryngology, acute supraglottic edema, obstructive sleep apnea, acute supraglottitis, airway obstruction, parapharyngeal cellulitis, peritonsillar cellulitis, supraglottic edema, supraglottitis, tonsils, cellulitis",Acute supraglottitis with airway obstruction and parapharyngeal cellulitis and peritonsillar cellulitis.
3716,My nose feels stuffy and sore. My ear has some discomfort. I feel tired.,ENT - Otolaryngology,Revision Rhinoplasty.,"ent - otolaryngology, nasal deformity, rhinoplasty, conchal cartilage harvest, conchal bulb, conchal, submucoperichondrial, gull-wing incision, gore-tex, gull wing incision, lower lateral cartilages, revision rhinoplasty, nasal dorsum, cartilage harvest, conchal cartilage, cartilage, nasal, deformity, hemostasis, columella, harvest, cartilages",Revision rhinoplasty and left conchal cartilage harvest to correct nasal deformity.
3717,I feel some pain and swelling in my nose. It’s hard to breathe through my nose. My face feels a bit bruised and tender.,ENT - Otolaryngology,Septorhinoplasty,,Open septorhinoplasty with placement of bilateral spreader grafts.  Bilateral lateral osteotomies.
3718,I feel tenderness and swelling at the tip of my nose. It hurts when I touch it.,ENT - Otolaryngology,Rhinectomy & Nasal Endoscopy,"ent - otolaryngology, nasal cavity, joseph elevator, squamous cell carcinoma, endoscopy, intranasally, maxilla, nasal ala, nasal tip, rhinectomy, septorhinoplasty, nasal endoscopy, lateral cartilage, frozen section, additional soft, squamous cell, cell carcinoma, nasal, cartilage, squamous, carcinoma, cavity, tissue","Nasal endoscopy and partial rhinectomy due to squamous cell carcinoma, left nasal cavity."
3719,"I feel a lot of pain around my nose and forehead. My vision is a bit blurry, and my nose feels blocked.",ENT - Otolaryngology,Sinus Fractures Repairs,"ent - otolaryngology, frontal sinus, nasal septal, transconjunctival, anterior table, ethmoid, ethmoid fracture, gull-wing incision, nasal airway obstruction, nasal pyramid, nasoorbital, osteotomy, phisohex, periorbita, depressed anterior table, nasal pyramid fracture, sinus fractures, inferior orbital, pyramid fracture, entrapped periorbita, orbital, fractures, nasal, frontal, forehead, sinus,","Open reduction and internal plate and screw fixation of depressed anterior table right frontal sinus, transconjunctival exploration of orbital floor, open reduction of nasal septum and nasal pyramid fracture with osteotomy."
3720,"I feel a constant blockage in my nose, and it’s hard to breathe properly. My nose looks a bit crooked and has a noticeable bump.",ENT - Otolaryngology,Rhinoplasty,"ent - otolaryngology, nasal obstruction, cosmetic, dorsal hump, endotracheal tube, hemitransfixion incision, hypertrophy, intercartilaginous, intercartilaginous incision, nasal septum, nasal tip, septomucoperichondrial, submucoperichondrial, subperiosteal, turbinate, vomerine, spur, nasal septal, nasal, rhinoplasty, septum,",Cosmetic rhinoplasty.  Request for cosmetic change in the external appearance of the nose.
3722,"My nose feels a bit stuffy, and my throat is a little dry. My ears feel fine, and my neck feels normal.",ENT - Otolaryngology,Sample Normal Exam - ENT,"ent - otolaryngology, ent exam, boggy mucosa, inferior turbinates, nasal septum, nose, oral cavity, rhinoscopy, submaxillary ducts, tongue, neck, submaxillary, parotid, parotid and submaxillary, extraocular movements, ent, nasal",An example of normal ENT exam.
3723,My ears hurt and I feel a throbbing pain. I've been coughing and have a fever. I'm feeling irritable.,ENT - Otolaryngology,Otitis Media - H&P,,"A 3-year-old female for evaluation of chronic ear infections bilateral - OM (otitis media), suppurative without spontaneous rupture.  Adenoid hyperplasia bilateral."
3724,I feel a bit tired and my throat is sore. I also have some mild pain around my neck.,ENT - Otolaryngology,Postop Parathyroid Exploration & Parathyroidectomy,"ent - otolaryngology, parathyroid hyperplasia, parathyroid exploration, pth, hyperplasia, parathyroidectomy, parathyroidNOTE",This patient is one-day postop open parathyroid exploration with subtotal parathyroidectomy and intraoperative PTH monitoring for parathyroid hyperplasia.  She has had an uneventful postoperative night.
3725,My throat feels sore and there's some swelling near my jaw.,ENT - Otolaryngology,Parotidectomy,"ent - otolaryngology, parotidectomy, mixter clamp, auditory canal, buccal, buccinator, curved clamp, earlobe, fascia, fat layer, frontotemporal, mandibular, mastoid process, parotid, parotid duct, parotid gland, preauricular, preauricular incision, sternocleidomastoid, suction drain, temporoparotid, tied with vicryl sutures, vicryl, gland, nerve, sutures, incisionNOTE,: Thesetranscribed medical transcription sample reports and examples are provided by various users andare for reference purpose only. MTHelpLine does not certify accuracy and quality of sample reports.These transcribed medical transcription sample reports may include some uncommon or unusual formats;this would be due to the preference of the dictating physician. All names and dates have beenchanged (or removed) to keep confidentiality. Any resemblance of any type of name or date orplace or anything else to real world is purely incidental.,",Parotidectomy procedure
3726,I feel really tired and have a fever. My ears hurt a lot. I'm also having trouble breathing easily.,ENT - Otolaryngology,Otitis Media - Discharge Summary,"ent - otolaryngology, sepsis, cough, nasal congestion, rhinorrhea, oxygen saturations, otitis media, otitis, breathing, lungs, oropharynx, fever","Fever, otitis media, and possible sepsis."
3727,I'm feeling some pain and discomfort in my face. It's a bit easier to swallow now. I'm also having trouble sleeping.,ENT - Otolaryngology,ORIF Facial Fractures - Followup,"ent - otolaryngology, fenestrated tube, nasal fracture, facial fractures, orif, tracheotomy, tube, fractures,","The patient is now on his third postoperative day for an open reduction and internal fixation for two facial fractures, as well as open reduction nasal fracture.  He is on his eighth hospital day."
3729,My ear hurts and feels full. I'm having trouble hearing. I also feel a bit feverish.,ENT - Otolaryngology,Otitis Media,"ent - otolaryngology, ear, ear infection, otitis media, sinuses, drainage, ear pain, fullness, hearing loss, ear swelling, fever, bacterial infection, eustachian tubes, infection, eardrum, respiratory, otitis, media, eustachian, tubes,",A sample note on otitis media.
3731,"I have some pain and swelling in my neck. It feels sore, and I'm tired.",ENT - Otolaryngology,Neck Dissection,"ent - otolaryngology, metastatic papillary cancer, thyroidectomy, thyroid cancer, papillary cell type, dissection, neck, metastatic, paratracheal, papillary, cancer","Left neck dissection.   Metastatic papillary cancer, left neck.  The patient had thyroid cancer, papillary cell type, removed with a total thyroidectomy and then subsequently recurrent disease was removed with a paratracheal dissection."
3732,My face feels swollen and tender. There's some pain around my cheeks and nose. I also have a bit of a headache.,ENT - Otolaryngology,Nasolabial Fold Elevation,,Left midface elevation with nasolabial fold elevation and nasolabial fold z-plasty and right symmetrization midface elevation.
3733,"My throat feels sore, and it's hard to swallow. My nose feels blocked, and I'm having trouble breathing through it. My mouth feels dry and swollen.",ENT - Otolaryngology,Nasal Septoplasty & Tonsillectomy,"ent - otolaryngology, nasal septal deviation, turbinate hypertrophy, nasal septoplasty, submucous resection, resection of soft palate, tonsillectomy, bilateral inferior turbinate, bovie electrocautery, nasal septal, inferior turbinates, turbinates, nasal, tonsillitis, electrocautery, hypertrophy,","Nasal septoplasty, bilateral submucous resection of the inferior turbinates, and tonsillectomy and resection of soft palate.  Nasal septal deviation with bilateral inferior turbinate hypertrophy.  Tonsillitis with hypertrophy.  Edema to the uvula and soft palate."
3734,My ears feel full and I have trouble hearing properly. I also feel a bit of pressure in my head.,ENT - Otolaryngology,Myringotomy/Tube Insertion - 2,"ent - otolaryngology, tympanic membrane, cerumen, ciloxan, santa barbara t-tube, tm atelectasis, atelectasis, eardrum, eustachian tube, eustachian tube dysfunction, middle ear, middle ear fluid, myringotomies, atelectasis and chronic eustachian, santa barbara t tube, myringotomies with insertion, chronic eustachian tube, barbara t tube, santa barbara, insertion, tube, tympanic",Bilateral myringotomies with insertion of Santa Barbara T-tube.
3735,I can't breathe well through my nose. It feels blocked up all the time.,ENT - Otolaryngology,Nasal Septal Reconstruction,"ent - otolaryngology, chronic nasal obstruction, nasal septum, inferior turbinate hypertrophy, nasal septal reconstruction, submucous resection, inferior turbinates, outfracture, nasal septal, nasal pledgets, nasal cavity, nasal obstruction, turbinate hypertrophy, mucosal flap, septal, septum, turbinates, nasal, cavity, chronic, hypertrophy, obstruction, mucosal,","Nasal septal reconstruction, bilateral submucous resection of the inferior turbinates, and bilateral outfracture of the inferior turbinates.  Chronic nasal obstruction secondary to deviated nasal septum and inferior turbinate hypertrophy."
3736,I can't hear well in my right ear and it feels blocked.,ENT - Otolaryngology,Middle Ear Exploration,"ent - otolaryngology, conductive hearing loss, goldenberg, meatal skin, torp, torp reconstruction, ear, ear exploration, handle, malleus, otosclerosis, sensorineural, stapedectomy, tympanomeatal, middle ear exploration, hearing loss, malleus handle, middle ear, middle",Right middle ear exploration with a Goldenberg TORP reconstruction.
3737,I feel dizzy and my ears hurt.,ENT - Otolaryngology,Myringotomy/Tube Insertion - 3,,Removal of the old right pressure equalizing tube.  Myringotomy with placement of a left pressure equalizing tube.
3738,"My ears feel clogged, and there's some pressure. I also notice a bit of discomfort.",ENT - Otolaryngology,Myringotomy/Tube Insertion - 1,"ent - otolaryngology, serous otitis media, floxin drops, shepard grommet, cerumen, cotton ball, middle ear, mucoid, myringotomies, tubes, shepard grommet draining tubes, serous otitis, shepard, grommet, insertion",Bilateral myringotomies and insertion of Shepard grommet draining tubes.
3739,I feel a fullness at the base of my tongue and have a constant pain in my right ear.,ENT - Otolaryngology,Microsuspension Direct Laryngoscopy & Biopsy,"ent - otolaryngology, microsuspension, laryngoscopy, otalgia, ear pain, fiberoptic, dedo laryngoscope, epiglottis, direct laryngoscopy, piriform sinuses, tongue, microscope, mucosal, abnormalities, fullness, ear, scope",Microsuspension direct laryngoscopy with biopsy.  Fullness in right base of the tongue and chronic right ear otalgia.
3740,My nose hurts and feels blocked. I'm having trouble breathing through my left nostril.,ENT - Otolaryngology,Nasal Septoplasty,"ent - otolaryngology, nasal fracture, deviated nasal septum, nasal septoplasty, nasal bones, ethmoid plate, cartilaginous septum, nasal bone, maxillary crest, septum, nasal, fracture, maxillary, cartilaginous, crest,","Open reduction, nasal fracture with nasal septoplasty."
3741,I feel some tightness and discomfort in my throat. It's also a bit harder to breathe normally.,ENT - Otolaryngology,Microlaryngoscopy,"ent - otolaryngology, airway obstruction, oral cavity, bronchoscopy, buccal cavity, hypopharynx, laryngeal, larynx, microlaryngoscopy, nasal cavity, polychondritis, subglottic, tracheal stenosis, tracheostomy tube, scar tissue, subglottic stenosis, tracheal, airway, cavity, tube, scarring, stenosis,","Suspension microlaryngoscopy, rigid bronchoscopy, dilation of tracheal stenosis."
3742,"My ear hurts a little bit, and I feel some swelling behind it.",ENT - Otolaryngology,Mastoiditis - Discharge Summary,,"Suspected mastoiditis ruled out, right acute otitis media, and severe ear pain resolving.  The patient is an 11-year-old male who was admitted from the ER after a CT scan suggested that the child had mastoiditis."
3743,My ears feel full and I can't hear very well.,ENT - Otolaryngology,Myringotomy/Tube Insertion,"ent - otolaryngology, bilateral myringotomies, insertion of pe tubes, chronic otitis media, conductive hearing loss, recurrent acute otitis media, reuter bobbin, radial myringotomy, ear cleft, pe tubes, middle ear, otitis media, effusion, otitis, media, ear, anesthesia","Bilateral myringotomies, insertion of PE tubes, and pharyngeal anesthesia."
3744,"I'm having trouble breathing and feel short of breath, especially when I'm active.",ENT - Otolaryngology,Laryngoscopy,"ent - otolaryngology, stenosis, epiglottis, subglottic, bronchoscope, bronchoscopy, endoscopic, laryngoscopy, laryngotracheal reconstruction, larynx, oral cavity, pharynx, tracheal, true vocal folds, vocal, upper tracheal stenosis, subglottic upper tracheal, subglottic upper, upper tracheal, airway, cavity, patent,","Direct laryngoscopy, rigid bronchoscopy and dilation of subglottic upper tracheal stenosis."
3745,My right ear feels swollen and tender. There's some pain and discomfort.,ENT - Otolaryngology,I&D - Auricular Hematoma,"ent - otolaryngology, bolster dressing placement, antihelix fold, incision and drainage, bolster dressing, auricular hematoma, auricular, hematoma, incision, drainage",Incision and drainage with bolster dressing placement of right ear recurrent auricular hematoma.
3746,"I feel like there's something stuck in my throat, and it's painful when I swallow.",ENT - Otolaryngology,Flexible Nasal Laryngoscopy,"ent - otolaryngology, oropharyngeal foreign body, flexible nasal laryngoscopy, nasal spray, foreign body, tongue, laryngoscopy, erythema, epiglottis, nasal, oropharyngeal","Flexible nasal laryngoscopy.  Foreign body, left vallecula at the base of the tongue.   Airway is patent and stable."
3747,"My voice is really hoarse, and my throat feels sore. It’s hard to speak normally.",ENT - Otolaryngology,Laryngoscopy & Vocal Cord Biopsy,"ent - otolaryngology, direct laryngoscopy, zeiss operating microscope, vocal cord lesions, vocal cord, cord, vocal, microscopic, laryngoscopy, hoarseness, biopsy, leukoplakia","Microscopic suspension direct laryngoscopy with biopsy of left true vocal cord stripping.  Hoarseness, bilateral true vocal cord lesions, and leukoplakia."
3748,I feel pain in my throat and neck. It's hard to swallow and my voice sounds different.,ENT - Otolaryngology,Laryngectomy & Thyroid Lobectomy,"ent - otolaryngology, laryngectomy, neck dissection, tracheoesophageal, cricopharyngeal myotomy, thyroid lobectomy, squamous cell carcinoma, larynx, thyroid cartilage, cricoid cartilage, total laryngectomy, thyroid, cartilage","Squamous cell carcinoma of the larynx.  Total laryngectomy, right level 2, 3, 4 neck dissection, tracheoesophageal puncture, cricopharyngeal myotomy, right thyroid lobectomy."
3749,My nose feels really congested and it's hard to breathe. I have some pain and pressure in my sinuses.,ENT - Otolaryngology,Ethmoidectomy & Nasal Polypectomy,"ent - otolaryngology, endoscopic sinus surgery, maxillary antrostomy, ethmoidectomy, nasal polypectomy, turbinate reduction, sinus surgery, sinus endoscope, maxillary sinus, nasal cavity, polypoid tissue, sinus, maxillary, turbinate, polypoid, nasal, total, ostium, microdebrider,","Functional endoscopic sinus surgery, bilateral maxillary antrostomy, bilateral total ethmoidectomy, bilateral nasal polypectomy, and right middle turbinate reduction."
3750,My throat feels sore and my voice is weak.,ENT - Otolaryngology,Fat Harvesting,"ent - otolaryngology, dedo laryngoscope, physiosol, micro laryngoscopy, fat injection, fat harvesting, incompetent glottis, laryngoscopy, thyroplasty, glottis, thigh","Incompetent glottis.  Fat harvesting from the upper thigh, micro-laryngoscopy, fat injection thyroplasty."
3751,I'm having trouble swallowing and there's a feeling of fullness on the right side of my throat.,ENT - Otolaryngology,Fiberoptic Nasolaryngoscopy,"ent - otolaryngology, parapharyngeal, dysphagia, sinus pooling, piriform, nasolaryngoscopy, fiberoptic, laryngoscope, nasopharynx, oropharynx, fiberoptic nasolaryngoscopy, hemorrhagic lesion, aspiration, cartilage, hypopharynx, lesion,","Fiberoptic nasolaryngoscopy.  Dysphagia with no signs of piriform sinus pooling or aspiration.  Right parapharyngeal lesion, likely thyroid cartilage, nonhemorrhagic."
3752,"I'm having trouble swallowing and my nose feels constantly congested. My hearing, especially in my right ear, seems to be getting worse.",ENT - Otolaryngology,ENT Consult,,Persistent dysphagia.  Deviated nasal septum.  Inferior turbinate hypertrophy.  Chronic rhinitis. Conductive hearing loss.  Tympanosclerosis.
3753,"I have a stuffy nose, trouble breathing, and some pain in my sinuses.",ENT - Otolaryngology,Endoscopic Sinus Surgery,,"Ethmoidectomy, antrostomy with polyp removal, turbinectomy, and septoplasty."
3754,My ears feel blocked and I have trouble hearing. I breathe through my mouth and snore a lot.,ENT - Otolaryngology,ENT Consult - 1,"ent - otolaryngology, chronic eustachian tube dysfunction, chronic otitis media with effusion, recurrent acute otitis media, adenoid hypertrophy, pe tubes, otitis media with effusion, adenoidectomy and bilateral myringotomy, eustachian tube dysfunction, insertion of pe, chronic otitis media, bilateral myringotomy, otitis media, adenoidectomy, myringotomy, adenoid, hypertrophy, otitis, media,","Chronic eustachian tube dysfunction, chronic otitis media with effusion, recurrent acute otitis media, adenoid hypertrophy."
3755,"I have a really bad sore throat, and it hurts a lot to swallow. I feel a bit itchy from a rash on my thighs.",ENT - Otolaryngology,Exudative Tonsillitis,,"Severe tonsillitis, palatal cellulitis, and inability to swallow."
3756,I feel like my nose is blocked and it's hard to breathe. My left ear is a bit sore too.,ENT - Otolaryngology,Ear Cartilage Graft,"ent - otolaryngology, nasal deformity, nasal obstruction, nasal valve, cartilage, cartilaginous, crural, graft, nasal fracture, postauricular, rhinoplasty, septal cartilage, submucoperichondrial, turbinectomy, vestibular, ear cartilage graft, posttraumatic nasal deformity, vestibular stenosis, ear cartilage, cartilage graft, cartilages, caudal, nasal, nose, obstruction, repair, stenosis","Left ear cartilage graft, repair of nasal vestibular stenosis using an ear cartilage graft, cosmetic rhinoplasty, left inferior turbinectomy."
3757,I feel some tightness in my throat and it's a bit hard to breathe.,ENT - Otolaryngology,Direct Laryngoscopy,"ent - otolaryngology, laryngoscopy and bronchoscopy, direct laryngoscopy, subglottic stenosis, bronchoscopy, laryngoscopy, subglottic, stenosis,",Direct laryngoscopy and bronchoscopy.
3758,My right ear feels painful and I can't hear well from it.,ENT - Otolaryngology,Ear Examination,"ent - otolaryngology, chronic otitis media, middle ear space, tympanic membrane perforation, otitis media, hearing loss, middle ear, ear space, ear examination, membrane perforation, tympanic membrane, anesthesia, membrane, tympanic, ear, perforation,",Right ear examination under anesthesia.  Right tympanic membrane perforation along with chronic otitis media.
3760,I feel some pressure in my sinuses and my throat is a bit sore.,ENT - Otolaryngology,CT Neck,"ent - otolaryngology, sequential axial ct images, optiray, parotid glands, epiglottic folds, epiglottis, base of the brain, ct neckNOTE",Common CT Neck template.
3761,"My ears are sore, and I feel some discomfort around them.",ENT - Otolaryngology,Ear Laceration Repair,"ent - otolaryngology, bilateral ear laceration, dog-ear deformity, ear laceration deformity, band aid, laceration deformity, ear laceration, laceration, deformity, ear, repair","Repair of left ear laceration deformity Y-V plasty 2 cm.  Repair of right ear laceration deformity, complex repair 2 cm."
3762,"My ear hurts a lot, especially at night. It’s happened a few times this year. I also sometimes feel a burning in my throat when I go to bed.",ENT - Otolaryngology,Ear pain - Pediatric Consult,,13 years old complaining about severe ear pain - Chronic otitis media.
3763,"My nose feels really dry, and sometimes it bleeds. I also feel a stretching pressure in my nose.",ENT - Otolaryngology,Deviated Septum Repair - Followup,"ent - otolaryngology, saline nasal wash, deviated septum, saline nasal, septal perforation, nose, septum, septal, perforation","The patient is a 40-year-old female with a past medical history of repair of deviated septum with complication of a septal perforation.  At this time, the patient states that her septal perforation bothers her as she feels that she has very dry air through her nose as well as occasional epistaxis."
3765,"I feel some pain and discomfort in my throat. It’s a bit hard to swallow, and I’m feeling a bit weak.",ENT - Otolaryngology,Control of Parapharyngeal Hemorrhage,"ent - otolaryngology, obstructive adenotonsillar hypertrophy, tonsillar fossa, suction cautery, postoperative hemorrhage, parapharyngeal space, anesthesia, oropharynx, parapharyngeal, tonsillectomy, hemorrhage,",Postoperative hemorrhage. Examination under anesthesia with control of right parapharyngeal space hemorrhage.  The patient is a 35-year-old female with a history of a chronic pharyngitis and obstructive adenotonsillar hypertrophy.
3766,I have frequent headaches and hear a pulsing sound in my left ear. It feels full and sometimes dizzy.,ENT - Otolaryngology,Consult - Pulsatile Tinnitus,,Chronic headaches and pulsatile tinnitus.
3767,My ears hurt and I have a stuffy nose.,ENT - Otolaryngology,Chronic Otitis Media,"ent - otolaryngology, chronic nasal congestion, tympanic membrane perforation, chronic otitis media, tube insertion, facemask anesthesia, otitis media, otitis, media,","A 14-month-old with history of chronic recurrent episodes of otitis media, totalling 6 bouts, requiring antibiotics since birth."
3769,I have a sore throat and some hoarseness. I also have a bit of a cold. I snore loudly and breathe through my mouth at night.,ENT - Otolaryngology,Consult - Enlarged Tonsils,,Chronic adenotonsillitis with adenotonsillar hypertrophy.  Upper respiratory tract infection with mild acute laryngitis.
3770,"I feel numbness and tingling along my jaw, teeth, and tongue. It's been happening for a couple of months. I can't taste things as well as I used to.",ENT - Otolaryngology,Consult - Jaw Pain,,"Recurrent jaw pain, described as numbness and tingling along the jaw, teeth, and tongue."
3771,"My throat feels sore, and my ears are aching.",ENT - Otolaryngology,Collar Tubes,"ent - otolaryngology, ototopical drops, tympanic, membrane, ear canals, cerumen, collar tubes, incision, myringotomy, collar, tubes, anesthesiaNOTE,: Thesetranscribed medical transcription sample reports and examples are provided by various users andare for reference purpose only. MTHelpLine does not certify accuracy and quality of sample reports.These transcribed medical transcription sample reports may include some uncommon or unusual formats;this would be due to the preference of the dictating physician. All names and dates have beenchanged (or removed) to keep confidentiality. Any resemblance of any type of name or date orplace or anything else to real world is purely incidental.,",Collar Tubes technique
3772,"I feel some pain and discomfort in my mouth. My throat feels sore, and it's a bit hard to swallow.",ENT - Otolaryngology,Cleft Repair,"ent - otolaryngology, bilateral cleft, cleft lip, oral mucosa, hard palate, soft palate, vomer flaps, mucoperiosteal flap, nasal mucosa, flaps, cleft, mucosa, palate, mucoperiosteal, bilateral, nasal,",Repair of bilateral cleft of the palate with vomer flaps.
3773,I feel a lot of ear pain and my throat hurts. It's hard to swallow and my ears feel weird.,ENT - Otolaryngology,BMT & T&A,"ent - otolaryngology, bilateral myringotomy, tube placement, tonsillectomy, adenoidectomy, micron bobbin, myringotomy and tube, tonsillectomy and adenoidectomy, chronic otitis media, tonsillar adenoid, tonsillar fossa, rubber catheter, otitis media, adenoids, myringotomy, otitis, media, tonsillar, coblator,","Bilateral myringotomy and tube placement, tonsillectomy and adenoidectomy."
3774,I feel some discomfort in my mouth and throat. There's also a bit of soreness around my right ear.,ENT - Otolaryngology,Cleft Repair - Soft Palate,"ent - otolaryngology, repair, tragus, oral mucosa, nasal mucosa, ear tag, soft palate, palate, cleft, soft","Cleft soft palate.  Repair of cleft soft palate and excise accessory ear tag, right ear."
3775,I feel ear pain and some pressure.,ENT - Otolaryngology,BMT & Adenoidectomy,"ent - otolaryngology, chronic otitis media, bilateral myringotomy tubes, adenoidectomy, myringotomy tubes and adenoidectomy, middle ear space, bilateral myringotomy, bobbin tube, fresh myringotomy, serous fluid, otitis media, tympanic membrane, tubes, myringotomy, otitis, media, membrane,",Bilateral myringotomy tubes and adenoidectomy.
3776,I have dry mouth and trouble hearing.,ENT - Otolaryngology,Cancer of the nasopharynx,"ent - otolaryngology, radiation therapy with cycles, cancer of the nasopharynx, status post radiation, cisplatin with radiation, radiation therapy, hearing loss, hearing, cisplatin, xerostomia, cancer, radiation, nasopharynx,","T1 N3 M0 cancer of the nasopharynx, status post radiation therapy with 2 cycles of high dose cisplatin with radiation."
3777,"My ears hurt, and I feel a lot of pressure. My nose is stuffy all the time. I’m also really tired.",ENT - Otolaryngology,Bilateral Myringotomies,"ent - otolaryngology, bilateral middle ear effusions, recurrent acute otitis media, chronic rhinitis, recurrent adenoiditis with adenoid hypertrophy, adenoiditis, bilateral myringotomies, ventilating tubes, nasal endoscopy, adenoidectomy, adenoid hypertrophy, myringotomies, otitis, media, hypertrophy, endoscopy, intubation, nasal,","Bilateral myringotomies, placement of ventilating tubes, nasal endoscopy, and adenoidectomy."
3778,"My throat feels very sore, and it's hard to swallow. I feel really tired and a bit groggy.",ENT - Otolaryngology,Adenotonsillectomy - 2,"ent - otolaryngology, hypertrophy, adenotonsillitis, tonsillar pillar, bovie electrocautery, adenotonsillectomyNOTE,: Thesetranscribed medical transcription sample reports and examples are provided by various users andare for reference purpose only. MTHelpLine does not certify accuracy and quality of sample reports.These transcribed medical transcription sample reports may include some uncommon or unusual formats;this would be due to the preference of the dictating physician. All names and dates have beenchanged (or removed) to keep confidentiality. Any resemblance of any type of name or date orplace or anything else to real world is purely incidental.",Adenotonsillectomy.  Adenotonsillitis with hypertrophy.  The patient is a very nice patient with adenotonsillitis with hypertrophy and obstructive symptoms.  Adenotonsillectomy is indicated.
3779,My ears feel full and uncomfortable. There's some pressure and I can't hear very well.,ENT - Otolaryngology,Bilateral Myringotomies - 2,"ent - otolaryngology, placement of pe tubes, bilateral chronic otitis media, chronic otitis media, bilateral myringotomy, pe tubes, chronic otitis, otitis media, tympanic membrane, mucopurulent drainage, tympanic, membrane, mucopurulent, myringotomy, tubes,",Bilateral Myringotomy with placement of PE tubes
3780,My ears feel clogged and sometimes I have trouble hearing. I also feel a bit of pressure inside my ears.,ENT - Otolaryngology,BMT - Bilateral Myringotomy Tubes,"ent - otolaryngology, eardrum, myringotomy, tubes, bilateral myringotomy tubes, myringotomy tubes, ear infections, middle ear, fluid, childrenNOTE,: Thesetranscribed medical transcription sample reports and examples are provided by various users andare for reference purpose only. MTHelpLine does not certify accuracy and quality of sample reports.These transcribed medical transcription sample reports may include some uncommon or unusual formats;this would be due to the preference of the dictating physician. All names and dates have beenchanged (or removed) to keep confidentiality. Any resemblance of any type of name or date orplace or anything else to real world is purely incidental.,",A sample note on bilateral myringotomy tubes
3781,My throat feels sore and dry. It’s a bit hard to swallow.,ENT - Otolaryngology,Adenoidectomy - 1,"ent - otolaryngology, palate, nasal passage, mcivor mouth gag, oral cavity, nasal, nasopharynx, oropharynx, hypertrophy, oral, cavity, mcivor, tongue, adenoidectomy",Adenoidectomy.  Adenoid hypertrophy.  The McIvor mouth gag was placed in the oral cavity and the tongue depressor applied.
3782,"My throat feels really sore, and it hurts to swallow. I'm also feeling quite tired.",ENT - Otolaryngology,Adenotonsillectomy - 1,"ent - otolaryngology, curved allis, tonsillitis, hypertrophied, curettes, tonsillar, adenoid, adenotonsillectomy,",Adenotonsillectomy.  Recurrent tonsillitis.  The adenoid bed was examined and was moderately hypertrophied.  Adenoid curettes were used to remove this tissue and packs placed.
3783,"My throat feels sore, and it's hard to swallow. My nose feels a bit stuffy.",ENT - Otolaryngology,Adenotonsillectomy,"ent - otolaryngology, hypertrophic adenotonsillitis, adenotonsillitis, endotracheal anesthesia, coblation evac xtra wand, lortab elixir, red rubber catheter, total blood loss, adenotonsillectomy, forceps, mouthgag,","Adenotonsillectomy, primary, patient under age 12."
3784,My throat feels sore and I have some trouble swallowing.,ENT - Otolaryngology,Adenoidectomy,"ent - otolaryngology, adenoidectomy, crowe-davis, adenoid pad, electrocautery, endotracheal tube, gently coagulated, mouth gag, nasopharynx, oral cavity, red rubber catheter, vomer, palate, tonsilsNOTE,: Thesetranscribed medical transcription sample reports and examples are provided by various users andare for reference purpose only. MTHelpLine does not certify accuracy and quality of sample reports.These transcribed medical transcription sample reports may include some uncommon or unusual formats;this would be due to the preference of the dictating physician. All names and dates have beenchanged (or removed) to keep confidentiality. Any resemblance of any type of name or date orplace or anything else to real world is purely incidental.,",Adenoidectomy procedure
3785,"My throat is sore, and my ears feel a bit uncomfortable.",ENT - Otolaryngology,Bilateral Myringotomies - 1,"ent - otolaryngology, adenoid hyperplasia, om, adenoidectomy, tonsillectomy, auditory canal, serous fluid, crowe-davis mouth gag, tonsils, adenoidectomy and tonsillectomy, armstrong grommet tubes, bovie electrocautery, tonsillar pillar, bilateral myringotomies, armstrong, tubes, grommet, tonsillar, bilateral, myringotomies, tenaculum","Bilateral myringotomies with Armstrong grommet tubes, Adenoidectomy, and Tonsillectomy."
3787,My throat feels sore and it's hard to swallow. My tongue feels a bit strange too.,ENT - Otolaryngology,Adenoidectomy & Tonsillectomy & Lingual Frenulectomy,"ent - otolaryngology, adenotonsillitis, ankyloglossia, adenoidectomy, tonsillectomy, frenulectomy, tonsil, adenoid tissue, metzenbaum scissors, lingual frenulectomy, chronic adenotonsillitis, curved hemostat, suction cautery, hemostat, hemostasis, lingual, cautery",Adenoidectomy and tonsillectomy and lingual frenulectomy.   Chronic adenotonsillitis and ankyloglossia.
